v_id,v_number,v_type,v_name,v_color,v_insurance_end_date
V1751,MP-01-8094,Bike,Firestorm,Black,2028-05-08
V1752,MP-05-4058,Bike,Cyclone,White,2023-12-22
V1753,MP-10-0128,Auto,Auto,Yellow,2023-03-30
V1754,MP-05-0140,Auto,Auto,Yellow,2023-11-20
V1755,MP-05-5711,Four wheeler,Skoda,Black,2025-01-28
V1756,MP-05-3527,Bike,Thunderbird,Red,2026-11-16
V1757,MP-05-9967,Four wheeler,Suzuki,Red,2026-10-05
V1758,MP-05-8761,Four wheeler,Brezza,Yellow,2024-09-25
V1759,MP-02-4223,Four wheeler,Bolero,Black,2022-11-13
V1760,MP-10-2230,Auto,Auto,Yellow,2023-05-08
V1761,MP-07-4167,Bike,Raptor,Black,2022-07-06
V1762,MP-10-1415,Four wheeler,Skoda,Black,2024-05-11
V1763,MP-01-7218,Four wheeler,Celerio,White,2027-02-24
V1764,MP-05-5364,Bike,Thunderbird,White,2026-10-17
V1765,MP-10-0526,Bike,Firestorm,Black,2023-10-30
V1766,MP-06-7327,Four wheeler,Brezza,Red,2024-10-10
V1767,MP-03-0710,Auto,Auto,Yellow,2025-10-25
V1768,MP-08-9173,Four wheeler,Ertiga,Red,2023-08-27
V1769,MP-07-4532,Bike,Thunderbird,Black,2022-10-28
V1770,MP-03-7912,Auto,Auto,Yellow,2025-10-15
V1771,MP-01-9163,Four wheeler,Celerio,Black,2026-05-05
V1772,MP-10-1598,Bike,Firestorm,White,2025-12-26
V1773,MP-06-4323,Bike,Raptor,White,2028-05-12
V1774,MP-09-2798,Auto,Auto,Yellow,2023-12-15
V1775,MP-10-3458,Four wheeler,Suzuki,Yellow,2024-06-13
V1776,MP-08-0969,Bike,Thunderbird,White,2028-01-09
V1777,MP-01-9461,Auto,Auto,Yellow,2023-03-22
V1778,MP-04-0309,Four wheeler,Ertiga,Black,2026-01-20
V1779,MP-03-5368,Auto,Auto,Yellow,2023-07-12
V1780,MP-10-3933,Auto,Auto,Yellow,2025-06-24
V1781,MP-05-2560,Bike,Fury,Red,2023-01-05
V1782,MP-09-9317,Bike,Viper,White,2023-08-15
V1783,MP-09-0649,Bike,Ninja,Red,2025-12-24
V1784,MP-05-3298,Bike,Viper,Yellow,2027-07-20
V1785,MP-06-2908,Auto,Auto,Yellow,2026-11-07
V1786,MP-05-5819,Bike,Thunderbird,Black,2022-10-10
V1787,MP-04-8965,Auto,Auto,Yellow,2026-11-05
V1788,MP-06-2932,Bike,Firestorm,Yellow,2027-02-13
V1789,MP-08-5662,Four wheeler,Ertiga,Yellow,2027-04-10
V1790,MP-09-7444,Four wheeler,Bolero,White,2023-04-09
V1791,MP-02-1057,Bike,Dominator,Yellow,2028-04-17
V1792,MP-08-5166,Bike,Apache,Yellow,2023-06-20
V1793,MP-02-1958,Auto,Auto,Yellow,2022-09-09
V1794,MP-06-3877,Four wheeler,Brezza,Yellow,2026-11-16
V1795,MP-04-3289,Four wheeler,Bolero,Red,2028-02-06
V1796,MP-05-0269,Four wheeler,Celerio,Yellow,2026-11-04
V1797,MP-07-7772,Four wheeler,Brezza,Black,2024-11-06
V1798,MP-10-5142,Auto,Auto,Yellow,2023-11-12
V1799,MP-01-3025,Auto,Auto,Yellow,2023-02-12
V1800,MP-08-8599,Bike,Ninja,Yellow,2024-06-23
V1801,MP-09-0796,Auto,Auto,Yellow,2026-04-17
V1802,MP-09-0656,Auto,Auto,Yellow,2027-06-23
V1803,MP-01-1117,Auto,Auto,Yellow,2025-01-29
V1804,MP-02-8613,Auto,Auto,Yellow,2027-04-22
V1805,MP-08-5720,Auto,Auto,Yellow,2027-10-15
V1806,MP-08-0307,Four wheeler,Skoda,White,2027-05-21
V1807,MP-01-8806,Bike,Bullet,Black,2023-05-31
V1808,MP-02-4046,Auto,Auto,Yellow,2024-03-27
V1809,MP-04-9961,Bike,Cyclone,Black,2025-12-15
V1810,MP-04-9162,Bike,Fury,Black,2024-01-20
V1811,MP-01-5548,Auto,Auto,Yellow,2027-06-23
V1812,MP-03-8763,Bike,Fury,Black,2026-06-02
V1813,MP-10-4991,Bike,Raptor,Yellow,2024-06-20
V1814,MP-04-3394,Auto,Auto,Yellow,2025-01-06
V1815,MP-06-3750,Auto,Auto,Yellow,2027-12-21
V1816,MP-09-2867,Four wheeler,Suzuki,Black,2025-09-18
V1817,MP-01-2276,Bike,Dominator,Yellow,2022-12-24
V1818,MP-09-6843,Bike,Raptor,Black,2025-09-14
V1819,MP-09-9787,Bike,Viper,White,2025-06-08
V1820,MP-06-3063,Auto,Auto,Yellow,2022-07-25
V1821,MP-07-5168,Auto,Auto,Yellow,2024-04-06
V1822,MP-01-9945,Auto,Auto,Yellow,2026-11-19
V1823,MP-04-6685,Four wheeler,Ertiga,Black,2025-11-16
V1824,MP-08-2592,Four wheeler,Skoda,Black,2023-09-23
V1825,MP-06-5070,Bike,Thunderbird,Yellow,2024-04-02
V1826,MP-04-2603,Bike,Dominator,Yellow,2023-07-07
V1827,MP-07-7995,Bike,Cyclone,White,2022-12-22
V1828,MP-04-3768,Four wheeler,Celerio,Yellow,2026-12-24
V1829,MP-08-8039,Four wheeler,Celerio,Yellow,2027-07-15
V1830,MP-10-8828,Bike,Apache,Black,2022-10-18
V1831,MP-03-5273,Auto,Auto,Yellow,2028-01-16
V1832,MP-06-0104,Auto,Auto,Yellow,2026-11-03
V1833,MP-08-3624,Auto,Auto,Yellow,2023-08-27
V1834,MP-04-4255,Bike,Apache,Red,2024-10-25
V1835,MP-06-8295,Auto,Auto,Yellow,2027-09-10
V1836,MP-06-2550,Four wheeler,Celerio,Yellow,2024-07-15
V1837,MP-01-8233,Auto,Auto,Yellow,2027-04-19
V1838,MP-04-8976,Bike,Ninja,Red,2022-08-21
V1839,MP-05-0000,Four wheeler,Brezza,Yellow,2026-02-26
V1840,MP-07-1119,Auto,Auto,Yellow,2023-08-12
V1841,MP-07-2744,Four wheeler,Skoda,Black,2027-11-05
V1842,MP-10-5662,Auto,Auto,Yellow,2024-10-05
V1843,MP-10-0700,Four wheeler,Bolero,White,2023-10-04
V1844,MP-09-2522,Auto,Auto,Yellow,2028-05-14
V1845,MP-03-6670,Auto,Auto,Yellow,2025-02-19
V1846,MP-05-9475,Auto,Auto,Yellow,2026-12-07
V1847,MP-01-9814,Bike,Cyclone,Black,2026-08-27
V1848,MP-01-5706,Bike,Ninja,White,2026-07-15
V1849,MP-09-8569,Bike,Fury,Red,2027-07-28
V1850,MP-03-7462,Bike,Bullet,White,2024-06-29
V1851,MP-03-5049,Auto,Auto,Yellow,2023-05-19
V1852,MP-03-7312,Auto,Auto,Yellow,2024-08-25
V1853,MP-08-1853,Auto,Auto,Yellow,2023-05-11
V1854,MP-04-8103,Auto,Auto,Yellow,2025-07-12
V1855,MP-02-9194,Four wheeler,Brezza,Red,2024-01-03
V1856,MP-06-6082,Four wheeler,Brezza,Red,2027-10-11
V1857,MP-04-3892,Bike,Raptor,Yellow,2024-01-18
V1858,MP-04-2691,Bike,Viper,Yellow,2023-08-08
V1859,MP-02-7340,Four wheeler,Brezza,Black,2023-11-01
V1860,MP-08-8096,Four wheeler,Skoda,Yellow,2025-10-19
V1861,MP-08-3043,Bike,Bullet,Yellow,2024-01-24
V1862,MP-01-1963,Auto,Auto,Yellow,2027-01-20
V1863,MP-02-9487,Four wheeler,Ertiga,Black,2027-09-24
V1864,MP-04-9149,Four wheeler,Brezza,Yellow,2024-11-25
V1865,MP-07-0567,Auto,Auto,Yellow,2023-12-25
V1866,MP-06-2434,Bike,Ninja,Yellow,2026-01-06
V1867,MP-10-5382,Four wheeler,Suzuki,Red,2027-11-29
V1868,MP-04-6133,Auto,Auto,Yellow,2025-01-05
V1869,MP-09-2244,Bike,Thunderbird,White,2024-02-05
V1870,MP-02-2122,Four wheeler,Bolero,White,2025-05-13
V1871,MP-03-2024,Auto,Auto,Yellow,2024-05-31
V1872,MP-03-0193,Auto,Auto,Yellow,2026-09-05
V1873,MP-03-4882,Bike,Thunderbird,Red,2023-03-31
V1874,MP-06-8994,Four wheeler,Ertiga,Red,2023-08-13
V1875,MP-10-8574,Auto,Auto,Yellow,2023-10-31
V1876,MP-10-9338,Bike,Fury,Yellow,2026-07-27
V1877,MP-01-4988,Bike,Thunderbird,Yellow,2027-10-12
V1878,MP-09-2301,Bike,Thunderbird,Black,2028-04-28
V1879,MP-01-2057,Four wheeler,Ertiga,White,2026-01-21
V1880,MP-02-2848,Auto,Auto,Yellow,2025-01-10
V1881,MP-06-7715,Bike,Dominator,Yellow,2024-09-20
V1882,MP-03-1532,Auto,Auto,Yellow,2027-10-12
V1883,MP-10-2054,Bike,Apache,Yellow,2023-08-10
V1884,MP-04-3378,Four wheeler,Bolero,Red,2022-12-06
V1885,MP-02-4438,Bike,Bullet,Yellow,2024-07-19
V1886,MP-04-4496,Bike,Firestorm,Red,2024-03-21
V1887,MP-04-1580,Auto,Auto,Yellow,2023-02-05
V1888,MP-05-6457,Auto,Auto,Yellow,2023-03-28
V1889,MP-08-1453,Auto,Auto,Yellow,2024-12-12
V1890,MP-09-0773,Bike,Fury,Red,2023-03-05
V1891,MP-04-3818,Bike,Cyclone,Yellow,2028-06-01
V1892,MP-05-0888,Auto,Auto,Yellow,2023-05-06
V1893,MP-03-8590,Auto,Auto,Yellow,2023-05-19
V1894,MP-06-7479,Auto,Auto,Yellow,2024-02-01
V1895,MP-10-7270,Four wheeler,Bolero,Red,2023-03-21
V1896,MP-10-9553,Four wheeler,Suzuki,Red,2025-09-26
V1897,MP-02-2288,Four wheeler,Suzuki,Red,2026-10-03
V1898,MP-10-3470,Four wheeler,Ertiga,Black,2023-01-02
V1899,MP-02-1408,Bike,Apache,Red,2027-09-08
V1900,MP-03-9850,Bike,Cyclone,Yellow,2027-11-30
V1901,MP-05-4224,Auto,Auto,Yellow,2026-04-11
V1902,MP-07-1605,Four wheeler,Bolero,Red,2022-10-06
V1903,MP-10-5916,Auto,Auto,Yellow,2026-10-18
V1904,MP-06-7596,Bike,Firestorm,Yellow,2023-09-24
V1905,MP-08-4754,Auto,Auto,Yellow,2027-07-18
V1906,MP-05-5503,Four wheeler,Brezza,Yellow,2027-05-22
V1907,MP-09-5358,Auto,Auto,Yellow,2027-09-15
V1908,MP-03-1650,Auto,Auto,Yellow,2025-06-01
V1909,MP-03-9582,Four wheeler,Skoda,Yellow,2027-11-17
V1910,MP-07-9188,Auto,Auto,Yellow,2025-03-12
V1911,MP-02-6425,Four wheeler,Brezza,Black,2027-11-11
V1912,MP-08-6903,Bike,Dominator,Black,2024-11-11
V1913,MP-10-4360,Bike,Fury,Red,2022-09-05
V1914,MP-09-7565,Bike,Viper,Yellow,2026-04-21
V1915,MP-05-7842,Four wheeler,Suzuki,White,2025-04-19
V1916,MP-04-5972,Bike,Ninja,White,2024-06-12
V1917,MP-08-0983,Auto,Auto,Yellow,2027-06-20
V1918,MP-07-7131,Four wheeler,Ertiga,Yellow,2023-10-11
V1919,MP-08-0926,Auto,Auto,Yellow,2026-10-10
V1920,MP-01-4964,Bike,Bullet,Black,2025-01-19
V1921,MP-06-3717,Auto,Auto,Yellow,2023-12-09
V1922,MP-01-9728,Four wheeler,Celerio,Red,2027-11-04
V1923,MP-04-4656,Auto,Auto,Yellow,2024-06-12
V1924,MP-06-6074,Auto,Auto,Yellow,2024-06-04
V1925,MP-10-6714,Auto,Auto,Yellow,2026-08-12
V1926,MP-10-6420,Auto,Auto,Yellow,2027-04-23
V1927,MP-08-1885,Bike,Bullet,Black,2026-02-12
V1928,MP-02-7567,Bike,Firestorm,White,2026-04-13
V1929,MP-02-8580,Bike,Ninja,Black,2026-01-17
V1930,MP-06-9351,Auto,Auto,Yellow,2026-02-21
V1931,MP-09-7537,Bike,Fury,White,2026-01-25
V1932,MP-10-0824,Auto,Auto,Yellow,2028-03-26
V1933,MP-09-7493,Auto,Auto,Yellow,2025-05-22
V1934,MP-08-9984,Auto,Auto,Yellow,2023-07-03
V1935,MP-05-8218,Four wheeler,Bolero,White,2025-05-11
V1936,MP-05-9818,Bike,Cyclone,Yellow,2023-05-29
V1937,MP-08-1534,Bike,Apache,Black,2027-12-20
V1938,MP-07-7955,Auto,Auto,Yellow,2023-04-16
V1939,MP-02-2401,Auto,Auto,Yellow,2023-10-26
V1940,MP-02-4806,Auto,Auto,Yellow,2023-06-28
V1941,MP-01-9755,Four wheeler,Ertiga,Yellow,2022-09-25
V1942,MP-03-5542,Auto,Auto,Yellow,2026-05-19
V1943,MP-02-7085,Four wheeler,Celerio,Yellow,2023-04-23
V1944,MP-04-2027,Four wheeler,Celerio,Red,2023-06-15
V1945,MP-06-2905,Auto,Auto,Yellow,2024-03-23
V1946,MP-03-2178,Four wheeler,Skoda,Yellow,2022-12-29
V1947,MP-05-3230,Four wheeler,Ertiga,Yellow,2026-04-24
V1948,MP-08-5016,Bike,Cyclone,Red,2024-02-15
V1949,MP-02-1263,Bike,Ninja,Yellow,2024-03-20
V1950,MP-07-7994,Four wheeler,Brezza,Yellow,2026-06-22
V1951,MP-08-8894,Bike,Dominator,Yellow,2023-07-15
V1952,MP-06-6386,Bike,Viper,Black,2024-08-13
V1953,MP-01-6430,Auto,Auto,Yellow,2027-04-30
V1954,MP-09-9100,Auto,Auto,Yellow,2024-11-08
V1955,MP-08-9257,Bike,Apache,Yellow,2026-09-17
V1956,MP-04-4450,Four wheeler,Skoda,Black,2025-04-11
V1957,MP-04-5571,Auto,Auto,Yellow,2023-02-01
V1958,MP-02-1979,Auto,Auto,Yellow,2022-12-20
V1959,MP-10-2861,Auto,Auto,Yellow,2027-01-25
V1960,MP-10-3438,Bike,Ninja,White,2027-07-19
V1961,MP-03-4921,Bike,Firestorm,Red,2026-03-01
V1962,MP-08-6913,Bike,Bullet,White,2024-07-05
V1963,MP-01-1789,Auto,Auto,Yellow,2023-05-26
V1964,MP-02-6387,Auto,Auto,Yellow,2027-06-08
V1965,MP-04-0133,Bike,Fury,White,2026-11-20
V1966,MP-01-7297,Auto,Auto,Yellow,2027-11-05
V1967,MP-09-9073,Bike,Fury,White,2028-04-23
V1968,MP-01-5509,Auto,Auto,Yellow,2027-08-11
V1969,MP-05-8739,Auto,Auto,Yellow,2022-12-17
V1970,MP-03-3192,Four wheeler,Brezza,White,2024-05-26
V1971,MP-10-9765,Auto,Auto,Yellow,2024-09-06
V1972,MP-08-2561,Four wheeler,Brezza,Yellow,2027-04-14
V1973,MP-01-2463,Auto,Auto,Yellow,2025-03-14
V1974,MP-09-9788,Bike,Thunderbird,Yellow,2025-09-14
V1975,MP-02-8050,Bike,Dominator,Yellow,2022-09-05
V1976,MP-07-5767,Bike,Raptor,White,2022-09-05
V1977,MP-06-0713,Four wheeler,Ertiga,Yellow,2022-08-30
V1978,MP-04-9207,Auto,Auto,Yellow,2027-06-23
V1979,MP-04-0839,Auto,Auto,Yellow,2026-05-16
V1980,MP-05-2523,Four wheeler,Bolero,Black,2023-11-12
V1981,MP-09-2347,Bike,Fury,Yellow,2025-12-17
V1982,MP-01-7364,Auto,Auto,Yellow,2023-08-14
V1983,MP-03-0947,Bike,Viper,White,2027-11-24
V1984,MP-04-7305,Bike,Viper,Black,2026-10-17
V1985,MP-03-8059,Four wheeler,Suzuki,White,2025-11-08
V1986,MP-05-4086,Auto,Auto,Yellow,2023-08-02
V1987,MP-09-9980,Four wheeler,Suzuki,White,2024-09-23
V1988,MP-08-1518,Bike,Firestorm,White,2023-10-04
V1989,MP-01-4373,Auto,Auto,Yellow,2023-03-21
V1990,MP-10-5686,Bike,Viper,White,2026-07-30
V1991,MP-07-3202,Four wheeler,Ertiga,White,2024-03-29
V1992,MP-05-0027,Auto,Auto,Yellow,2022-08-04
V1993,MP-01-5945,Auto,Auto,Yellow,2027-09-09
V1994,MP-03-5326,Auto,Auto,Yellow,2023-03-24
V1995,MP-03-9449,Bike,Viper,Yellow,2024-09-13
V1996,MP-09-8021,Auto,Auto,Yellow,2027-12-07
V1997,MP-01-4240,Auto,Auto,Yellow,2025-11-19
V1998,MP-07-5360,Auto,Auto,Yellow,2025-02-02
V1999,MP-01-6655,Bike,Fury,Red,2026-04-30
V2000,MP-03-8063,Bike,Apache,Black,2027-07-04
V2001,MP-10-9329,Auto,Auto,Yellow,2025-03-28
V2002,MP-10-7001,Auto,Auto,Yellow,2023-12-30
V2003,MP-08-3431,Four wheeler,Skoda,Yellow,2022-09-18
V2004,MP-02-8331,Bike,Cyclone,White,2025-05-29
V2005,MP-04-2831,Four wheeler,Bolero,Red,2025-11-20
V2006,MP-10-1341,Four wheeler,Ertiga,Red,2024-12-16
V2007,MP-09-1586,Auto,Auto,Yellow,2028-03-14
V2008,MP-09-1282,Bike,Apache,White,2023-11-01
V2009,MP-01-9767,Bike,Fury,Black,2023-02-21
V2010,MP-04-5492,Four wheeler,Suzuki,Yellow,2022-08-11
V2011,MP-07-8137,Four wheeler,Brezza,Yellow,2028-05-06
V2012,MP-08-6368,Four wheeler,Celerio,White,2025-05-14
V2013,MP-04-4241,Bike,Raptor,Yellow,2023-09-27
V2014,MP-05-9037,Auto,Auto,Yellow,2026-03-08
V2015,MP-09-0452,Auto,Auto,Yellow,2026-02-23
V2016,MP-03-1102,Bike,Viper,Yellow,2022-08-28
V2017,MP-06-1331,Bike,Viper,Yellow,2022-10-06
V2018,MP-10-4335,Bike,Firestorm,Red,2025-07-03
V2019,MP-10-1537,Bike,Cyclone,Black,2023-05-27
V2020,MP-02-1639,Bike,Firestorm,Black,2024-02-28
V2021,MP-05-0492,Auto,Auto,Yellow,2024-10-17
V2022,MP-05-8041,Four wheeler,Brezza,White,2022-11-27
V2023,MP-03-3224,Bike,Fury,Red,2026-08-12
V2024,MP-10-7832,Auto,Auto,Yellow,2028-04-16
V2025,MP-01-8067,Four wheeler,Ertiga,Red,2027-06-24
V2026,MP-05-6917,Bike,Firestorm,Red,2023-07-03
V2027,MP-06-3116,Auto,Auto,Yellow,2022-07-13
V2028,MP-08-1533,Bike,Thunderbird,Black,2025-10-04
V2029,MP-07-3875,Four wheeler,Suzuki,Yellow,2025-01-19
V2030,MP-02-9061,Four wheeler,Celerio,White,2023-04-26
V2031,MP-02-8843,Four wheeler,Suzuki,Yellow,2025-07-16
V2032,MP-05-1542,Four wheeler,Celerio,Red,2026-01-17
V2033,MP-10-8240,Auto,Auto,Yellow,2022-12-12
V2034,MP-05-6477,Auto,Auto,Yellow,2027-04-07
V2035,MP-03-1768,Four wheeler,Skoda,Black,2023-05-22
V2036,MP-03-2067,Auto,Auto,Yellow,2022-06-11
V2037,MP-03-1751,Bike,Ninja,Black,2025-04-05
V2038,MP-02-1306,Four wheeler,Suzuki,Yellow,2024-11-16
V2039,MP-08-3615,Bike,Fury,Red,2023-03-29
V2040,MP-06-2872,Bike,Thunderbird,Black,2027-05-18
V2041,MP-07-4405,Auto,Auto,Yellow,2026-01-23
V2042,MP-10-2367,Auto,Auto,Yellow,2024-11-10
V2043,MP-03-8084,Auto,Auto,Yellow,2025-01-17
V2044,MP-05-1771,Four wheeler,Celerio,Red,2026-10-05
V2045,MP-03-6541,Four wheeler,Skoda,Yellow,2025-08-02
V2046,MP-02-4725,Bike,Dominator,Black,2026-06-15
V2047,MP-08-4923,Auto,Auto,Yellow,2025-02-12
V2048,MP-10-0309,Auto,Auto,Yellow,2025-06-14
V2049,MP-10-4758,Four wheeler,Ertiga,Black,2024-06-17
V2050,MP-04-8952,Bike,Dominator,Red,2022-09-08
V2051,MP-03-3383,Four wheeler,Bolero,White,2027-01-05
V2052,MP-03-2904,Four wheeler,Suzuki,White,2023-02-20
V2053,MP-06-3148,Bike,Bullet,Red,2022-08-13
V2054,MP-05-5799,Bike,Ninja,Red,2023-07-09
V2055,MP-06-7808,Bike,Firestorm,White,2025-01-25
V2056,MP-07-2183,Bike,Raptor,White,2027-01-22
V2057,MP-08-8633,Four wheeler,Ertiga,Red,2023-10-26
V2058,MP-07-6482,Auto,Auto,Yellow,2024-04-18
V2059,MP-01-3401,Auto,Auto,Yellow,2025-01-23
V2060,MP-09-1702,Auto,Auto,Yellow,2028-04-17
V2061,MP-04-8098,Auto,Auto,Yellow,2023-10-21
V2062,MP-05-5624,Bike,Ninja,Yellow,2027-06-14
V2063,MP-10-4745,Bike,Ninja,Red,2028-02-20
V2064,MP-05-0261,Bike,Ninja,Black,2023-07-12
V2065,MP-05-3773,Four wheeler,Bolero,Red,2027-07-18
V2066,MP-09-5541,Bike,Ninja,Yellow,2027-08-21
V2067,MP-06-0970,Auto,Auto,Yellow,2023-03-26
V2068,MP-02-6372,Auto,Auto,Yellow,2027-10-28
V2069,MP-06-0577,Auto,Auto,Yellow,2024-07-09
V2070,MP-01-9121,Bike,Fury,Yellow,2023-11-30
V2071,MP-01-7253,Bike,Firestorm,Black,2028-01-09
V2072,MP-08-5118,Auto,Auto,Yellow,2026-03-28
V2073,MP-10-9334,Bike,Dominator,Yellow,2025-05-12
V2074,MP-06-0863,Auto,Auto,Yellow,2027-04-27
V2075,MP-07-3757,Auto,Auto,Yellow,2026-08-10
V2076,MP-08-5645,Bike,Bullet,Red,2027-07-21
V2077,MP-10-6948,Four wheeler,Brezza,White,2027-02-06
V2078,MP-05-9709,Bike,Raptor,Red,2027-04-15
V2079,MP-08-8755,Bike,Raptor,Red,2023-02-25
V2080,MP-07-2445,Auto,Auto,Yellow,2023-08-04
V2081,MP-02-2805,Four wheeler,Ertiga,Red,2025-09-07
V2082,MP-10-9425,Auto,Auto,Yellow,2025-03-30
V2083,MP-05-6442,Bike,Firestorm,White,2023-01-15
V2084,MP-01-2024,Bike,Firestorm,Yellow,2026-12-23
V2085,MP-01-2600,Bike,Dominator,Red,2028-02-02
V2086,MP-03-9007,Bike,Viper,Red,2024-06-03
V2087,MP-06-6609,Auto,Auto,Yellow,2027-08-02
V2088,MP-07-2756,Four wheeler,Ertiga,Yellow,2028-02-19
V2089,MP-06-8924,Auto,Auto,Yellow,2028-05-14
V2090,MP-05-0038,Four wheeler,Skoda,Red,2027-05-12
V2091,MP-03-1658,Four wheeler,Brezza,Yellow,2025-03-28
V2092,MP-02-4195,Four wheeler,Brezza,Yellow,2026-03-23
V2093,MP-03-0202,Bike,Firestorm,Yellow,2024-08-14
V2094,MP-05-4997,Auto,Auto,Yellow,2024-09-01
V2095,MP-08-1538,Auto,Auto,Yellow,2023-10-14
V2096,MP-09-8602,Four wheeler,Ertiga,Yellow,2025-12-03
V2097,MP-02-2371,Auto,Auto,Yellow,2025-03-10
V2098,MP-02-3678,Bike,Firestorm,Yellow,2023-09-05
V2099,MP-04-4893,Four wheeler,Bolero,White,2026-03-13
V2100,MP-08-8182,Auto,Auto,Yellow,2022-11-04
V2101,MP-07-8390,Four wheeler,Skoda,Yellow,2022-10-26
V2102,MP-03-9461,Four wheeler,Ertiga,Black,2025-06-13
V2103,MP-07-3909,Auto,Auto,Yellow,2026-06-19
V2104,MP-04-4699,Bike,Dominator,Black,2025-04-20
V2105,MP-02-8122,Four wheeler,Bolero,Black,2024-02-07
V2106,MP-07-0334,Bike,Dominator,Black,2024-10-16
V2107,MP-09-8542,Auto,Auto,Yellow,2024-05-21
V2108,MP-04-5582,Auto,Auto,Yellow,2028-01-25
V2109,MP-10-0085,Bike,Bullet,Black,2027-02-16
V2110,MP-07-4012,Four wheeler,Celerio,Red,2026-07-31
V2111,MP-04-7054,Bike,Apache,Black,2025-04-04
V2112,MP-04-2021,Bike,Viper,White,2023-02-17
V2113,MP-03-6598,Bike,Ninja,Black,2025-05-31
V2114,MP-10-5587,Auto,Auto,Yellow,2028-06-09
V2115,MP-03-6266,Auto,Auto,Yellow,2027-11-10
V2116,MP-01-0019,Bike,Dominator,Red,2025-04-17
V2117,MP-06-4141,Auto,Auto,Yellow,2024-08-03
V2118,MP-04-6229,Auto,Auto,Yellow,2027-11-03
V2119,MP-06-5278,Four wheeler,Skoda,Black,2024-09-17
V2120,MP-10-2811,Auto,Auto,Yellow,2025-03-05
V2121,MP-08-4248,Auto,Auto,Yellow,2025-02-28
V2122,MP-04-5062,Four wheeler,Celerio,Red,2027-08-07
V2123,MP-04-3045,Four wheeler,Celerio,White,2027-06-08
V2124,MP-04-0727,Four wheeler,Ertiga,Red,2026-02-10
V2125,MP-09-5709,Auto,Auto,Yellow,2022-08-27
V2126,MP-04-3755,Four wheeler,Brezza,Black,2025-07-13
V2127,MP-01-6871,Bike,Cyclone,Yellow,2028-01-30
V2128,MP-10-3961,Auto,Auto,Yellow,2024-06-15
V2129,MP-08-9400,Auto,Auto,Yellow,2023-09-25
V2130,MP-01-8930,Auto,Auto,Yellow,2027-05-07
V2131,MP-04-5422,Bike,Dominator,Red,2028-03-16
V2132,MP-06-6022,Auto,Auto,Yellow,2024-08-20
V2133,MP-03-4823,Four wheeler,Celerio,White,2024-11-04
V2134,MP-06-7245,Four wheeler,Celerio,Black,2027-07-05
V2135,MP-08-5114,Auto,Auto,Yellow,2026-08-11
V2136,MP-02-8339,Four wheeler,Brezza,Black,2026-08-23
V2137,MP-09-7778,Bike,Ninja,Yellow,2024-09-25
V2138,MP-07-5313,Four wheeler,Celerio,White,2026-01-30
V2139,MP-10-5138,Bike,Ninja,Black,2027-01-26
V2140,MP-05-7630,Auto,Auto,Yellow,2026-04-23
V2141,MP-10-2051,Bike,Ninja,Yellow,2023-09-21
V2142,MP-07-5917,Four wheeler,Brezza,Yellow,2026-02-02
V2143,MP-06-7683,Auto,Auto,Yellow,2023-05-29
V2144,MP-06-5834,Bike,Fury,Red,2027-03-16
V2145,MP-05-4545,Auto,Auto,Yellow,2026-08-06
V2146,MP-06-8593,Auto,Auto,Yellow,2023-01-12
V2147,MP-08-7395,Auto,Auto,Yellow,2026-05-13
V2148,MP-10-6553,Four wheeler,Suzuki,Black,2026-05-26
V2149,MP-08-9848,Four wheeler,Celerio,Black,2024-11-11
V2150,MP-01-4389,Auto,Auto,Yellow,2025-05-14
V2151,MP-05-8406,Four wheeler,Celerio,Black,2025-02-16
V2152,MP-09-6638,Bike,Viper,White,2025-11-04
V2153,MP-09-4772,Auto,Auto,Yellow,2026-12-22
V2154,MP-04-3003,Four wheeler,Suzuki,Yellow,2027-02-05
V2155,MP-04-4457,Auto,Auto,Yellow,2024-08-29
V2156,MP-05-3115,Bike,Viper,Black,2026-10-30
V2157,MP-02-5583,Bike,Apache,Yellow,2024-08-28
V2158,MP-01-3334,Bike,Raptor,White,2027-11-04
V2159,MP-04-7563,Auto,Auto,Yellow,2024-02-21
V2160,MP-09-2003,Four wheeler,Skoda,Yellow,2028-03-16
V2161,MP-04-6765,Bike,Fury,Red,2025-04-16
V2162,MP-07-6017,Bike,Firestorm,White,2022-09-14
V2163,MP-08-2557,Bike,Apache,White,2028-02-17
V2164,MP-09-5633,Auto,Auto,Yellow,2027-02-02
V2165,MP-08-5478,Four wheeler,Brezza,Red,2026-08-26
V2166,MP-03-5713,Bike,Dominator,Red,2027-11-18
V2167,MP-08-6214,Auto,Auto,Yellow,2024-04-13
V2168,MP-07-0279,Four wheeler,Suzuki,Black,2024-11-22
V2169,MP-06-6758,Auto,Auto,Yellow,2026-09-10
V2170,MP-05-7027,Bike,Firestorm,Yellow,2026-07-31
V2171,MP-05-9065,Bike,Firestorm,Red,2023-09-21
V2172,MP-06-6473,Bike,Dominator,Yellow,2028-05-10
V2173,MP-07-0470,Auto,Auto,Yellow,2026-09-11
V2174,MP-02-8060,Bike,Apache,Yellow,2026-09-26
V2175,MP-09-3201,Auto,Auto,Yellow,2025-09-11
V2176,MP-04-2167,Four wheeler,Celerio,Black,2027-06-03
V2177,MP-06-3614,Auto,Auto,Yellow,2026-04-22
V2178,MP-05-8369,Auto,Auto,Yellow,2024-10-23
V2179,MP-07-2220,Auto,Auto,Yellow,2027-11-20
V2180,MP-08-0281,Four wheeler,Ertiga,White,2026-11-11
V2181,MP-03-4936,Auto,Auto,Yellow,2026-12-13
V2182,MP-06-6031,Bike,Ninja,Black,2023-12-08
V2183,MP-06-6676,Four wheeler,Skoda,Red,2025-11-18
V2184,MP-03-0466,Four wheeler,Suzuki,Yellow,2025-04-24
V2185,MP-03-6889,Bike,Fury,Black,2024-11-22
V2186,MP-07-5881,Bike,Ninja,White,2023-08-22
V2187,MP-10-5733,Bike,Apache,Yellow,2023-08-09
V2188,MP-10-3227,Four wheeler,Skoda,White,2023-05-04
V2189,MP-04-6664,Four wheeler,Celerio,Yellow,2027-07-06
V2190,MP-08-1311,Four wheeler,Ertiga,Red,2023-06-13
V2191,MP-10-8553,Bike,Thunderbird,Black,2025-01-10
V2192,MP-07-7621,Four wheeler,Celerio,Black,2024-06-22
V2193,MP-09-7872,Bike,Thunderbird,White,2025-02-02
V2194,MP-08-8313,Auto,Auto,Yellow,2027-09-06
V2195,MP-05-6690,Auto,Auto,Yellow,2024-09-14
V2196,MP-06-9059,Auto,Auto,Yellow,2023-07-29
V2197,MP-06-4324,Auto,Auto,Yellow,2023-04-28
V2198,MP-06-7641,Four wheeler,Celerio,Red,2023-04-23
V2199,MP-01-6331,Bike,Bullet,Black,2027-03-14
V2200,MP-07-1767,Four wheeler,Suzuki,Black,2023-01-26
V2201,MP-01-1507,Bike,Viper,Black,2026-10-30
V2202,MP-05-1380,Four wheeler,Brezza,Red,2024-02-07
V2203,MP-08-5066,Four wheeler,Suzuki,White,2022-06-11
V2204,MP-04-5591,Bike,Ninja,Red,2025-01-25
V2205,MP-05-0257,Four wheeler,Bolero,Black,2024-06-30
V2206,MP-01-0723,Bike,Apache,White,2026-09-15
V2207,MP-05-6859,Bike,Viper,Yellow,2025-09-03
V2208,MP-10-3275,Auto,Auto,Yellow,2026-09-21
V2209,MP-10-1346,Auto,Auto,Yellow,2027-06-19
V2210,MP-04-4189,Bike,Apache,Black,2023-05-29
V2211,MP-07-3737,Four wheeler,Brezza,Black,2024-02-08
V2212,MP-10-0398,Four wheeler,Ertiga,Red,2023-08-22
V2213,MP-04-7280,Auto,Auto,Yellow,2028-05-14
V2214,MP-08-7760,Auto,Auto,Yellow,2024-10-19
V2215,MP-02-5458,Auto,Auto,Yellow,2022-09-26
V2216,MP-09-2765,Four wheeler,Suzuki,Black,2022-10-24
V2217,MP-09-8530,Four wheeler,Suzuki,Black,2023-07-02
V2218,MP-07-8179,Auto,Auto,Yellow,2025-12-18
V2219,MP-10-6500,Four wheeler,Celerio,White,2026-09-03
V2220,MP-07-3020,Four wheeler,Bolero,White,2027-01-04
V2221,MP-08-4745,Bike,Fury,Red,2023-11-01
V2222,MP-05-2312,Bike,Firestorm,Yellow,2026-02-08
V2223,MP-09-5070,Four wheeler,Celerio,White,2025-12-08
V2224,MP-08-9175,Auto,Auto,Yellow,2023-03-25
V2225,MP-07-8402,Auto,Auto,Yellow,2025-05-23
V2226,MP-10-1546,Bike,Apache,Black,2023-10-21
V2227,MP-02-7536,Auto,Auto,Yellow,2027-03-01
V2228,MP-02-8260,Four wheeler,Celerio,White,2025-11-23
V2229,MP-03-8495,Auto,Auto,Yellow,2024-01-13
V2230,MP-07-9332,Bike,Ninja,Red,2026-02-22
V2231,MP-06-8122,Four wheeler,Brezza,Red,2025-01-26
V2232,MP-09-7648,Bike,Cyclone,Red,2024-10-07
V2233,MP-01-4833,Auto,Auto,Yellow,2026-11-22
V2234,MP-04-9150,Auto,Auto,Yellow,2023-11-27
V2235,MP-10-4773,Four wheeler,Ertiga,White,2026-03-17
V2236,MP-07-3497,Four wheeler,Celerio,Black,2025-12-30
V2237,MP-06-2295,Four wheeler,Brezza,Black,2026-01-13
V2238,MP-06-5149,Four wheeler,Celerio,White,2026-10-22
V2239,MP-08-7651,Four wheeler,Ertiga,Yellow,2025-03-26
V2240,MP-01-5126,Auto,Auto,Yellow,2024-08-09
V2241,MP-09-6566,Auto,Auto,Yellow,2023-03-17
V2242,MP-10-6743,Auto,Auto,Yellow,2023-04-18
V2243,MP-05-7368,Four wheeler,Ertiga,Yellow,2027-11-05
V2244,MP-07-1927,Bike,Dominator,Red,2026-05-28
V2245,MP-04-4412,Four wheeler,Bolero,Black,2025-05-30
V2246,MP-08-3940,Auto,Auto,Yellow,2027-04-26
V2247,MP-06-7746,Bike,Viper,Yellow,2025-12-17
V2248,MP-10-5991,Bike,Raptor,White,2022-10-12
V2249,MP-09-5018,Four wheeler,Skoda,Black,2024-11-28
V2250,MP-09-6317,Bike,Bullet,Black,2023-10-12
V2251,MP-01-5673,Bike,Raptor,Red,2023-11-10
V2252,MP-03-4315,Auto,Auto,Yellow,2024-03-17
V2253,MP-09-1841,Auto,Auto,Yellow,2025-10-06
V2254,MP-06-2498,Four wheeler,Suzuki,Black,2025-09-17
V2255,MP-08-0478,Four wheeler,Brezza,Red,2027-08-29
V2256,MP-08-3447,Auto,Auto,Yellow,2028-03-31
V2257,MP-01-4825,Bike,Ninja,Black,2027-04-08
V2258,MP-05-6460,Auto,Auto,Yellow,2023-12-22
V2259,MP-04-9239,Bike,Fury,Yellow,2026-07-15
V2260,MP-10-5959,Four wheeler,Ertiga,Black,2022-11-24
V2261,MP-08-9869,Four wheeler,Ertiga,Yellow,2023-10-19
V2262,MP-08-8275,Bike,Dominator,Red,2026-02-26
V2263,MP-04-7592,Bike,Raptor,Black,2022-09-24
V2264,MP-03-8864,Auto,Auto,Yellow,2025-07-03
V2265,MP-09-9548,Auto,Auto,Yellow,2024-12-30
V2266,MP-05-9040,Bike,Viper,Yellow,2028-05-30
V2267,MP-02-0388,Four wheeler,Bolero,White,2022-10-18
V2268,MP-06-9087,Auto,Auto,Yellow,2023-08-31
V2269,MP-04-4019,Four wheeler,Skoda,Black,2022-08-06
V2270,MP-10-8813,Four wheeler,Celerio,Red,2025-03-09
V2271,MP-05-6776,Bike,Viper,Red,2026-06-21
V2272,MP-03-0441,Four wheeler,Brezza,White,2026-03-25
V2273,MP-05-8359,Bike,Cyclone,Red,2027-12-10
V2274,MP-06-5310,Four wheeler,Brezza,Yellow,2028-02-29
V2275,MP-08-7243,Four wheeler,Skoda,Red,2025-02-13
V2276,MP-01-3663,Four wheeler,Ertiga,Black,2027-02-01
V2277,MP-03-3942,Auto,Auto,Yellow,2024-11-28
V2278,MP-02-0634,Auto,Auto,Yellow,2023-11-19
V2279,MP-03-9725,Auto,Auto,Yellow,2025-02-08
V2280,MP-02-2071,Auto,Auto,Yellow,2024-12-08
V2281,MP-08-8522,Auto,Auto,Yellow,2027-09-18
V2282,MP-09-6570,Bike,Dominator,Black,2023-11-10
V2283,MP-09-1426,Bike,Dominator,Black,2023-01-10
V2284,MP-08-8859,Four wheeler,Bolero,Red,2026-11-18
V2285,MP-08-6523,Bike,Raptor,Yellow,2022-07-15
V2286,MP-06-6786,Four wheeler,Ertiga,White,2025-01-23
V2287,MP-05-7706,Four wheeler,Brezza,White,2023-05-26
V2288,MP-01-3891,Four wheeler,Suzuki,White,2023-01-28
V2289,MP-03-2223,Auto,Auto,Yellow,2025-05-01
V2290,MP-03-8032,Bike,Bullet,Red,2024-02-17
V2291,MP-08-6388,Four wheeler,Ertiga,White,2026-02-15
V2292,MP-03-6600,Four wheeler,Ertiga,Black,2024-06-22
V2293,MP-03-3178,Bike,Apache,Black,2027-06-02
V2294,MP-05-9839,Auto,Auto,Yellow,2024-05-15
V2295,MP-07-8678,Auto,Auto,Yellow,2026-03-04
V2296,MP-09-1594,Four wheeler,Brezza,White,2023-09-14
V2297,MP-06-4553,Auto,Auto,Yellow,2025-04-28
V2298,MP-02-0330,Four wheeler,Ertiga,White,2023-07-16
V2299,MP-02-1831,Auto,Auto,Yellow,2024-07-09
V2300,MP-01-6630,Auto,Auto,Yellow,2025-08-12
V2301,MP-09-5845,Bike,Raptor,Red,2027-04-12
V2302,MP-03-3781,Auto,Auto,Yellow,2026-04-15
V2303,MP-10-4350,Four wheeler,Brezza,White,2024-11-17
V2304,MP-05-2806,Auto,Auto,Yellow,2027-11-15
V2305,MP-04-6754,Auto,Auto,Yellow,2026-11-20
V2306,MP-01-3191,Auto,Auto,Yellow,2023-02-24
V2307,MP-10-1185,Four wheeler,Celerio,Yellow,2023-07-08
V2308,MP-06-7643,Bike,Fury,Black,2025-08-22
V2309,MP-07-2312,Bike,Ninja,White,2027-03-02
V2310,MP-01-7124,Bike,Thunderbird,White,2026-01-07
V2311,MP-07-4377,Bike,Ninja,Yellow,2025-07-04
V2312,MP-07-1150,Four wheeler,Suzuki,Black,2028-02-21
V2313,MP-10-0990,Four wheeler,Celerio,Yellow,2028-04-08
V2314,MP-01-3226,Bike,Thunderbird,Black,2024-10-24
V2315,MP-02-9737,Bike,Viper,White,2026-03-07
V2316,MP-01-2877,Auto,Auto,Yellow,2027-10-20
V2317,MP-01-8489,Auto,Auto,Yellow,2025-10-02
V2318,MP-03-5703,Four wheeler,Bolero,White,2025-06-11
V2319,MP-07-8334,Four wheeler,Skoda,White,2026-10-25
V2320,MP-10-9329,Auto,Auto,Yellow,2024-02-27
V2321,MP-06-6633,Auto,Auto,Yellow,2026-01-19
V2322,MP-06-7385,Bike,Thunderbird,Black,2024-02-02
V2323,MP-09-8640,Four wheeler,Suzuki,Black,2024-06-07
V2324,MP-01-0752,Four wheeler,Brezza,Yellow,2022-10-27
V2325,MP-09-5440,Auto,Auto,Yellow,2028-03-01
V2326,MP-06-1655,Auto,Auto,Yellow,2024-07-15
V2327,MP-09-6767,Bike,Bullet,Yellow,2026-10-08
V2328,MP-08-3856,Four wheeler,Skoda,Red,2023-09-27
V2329,MP-07-1041,Four wheeler,Brezza,White,2025-08-12
V2330,MP-02-7360,Auto,Auto,Yellow,2027-07-02
V2331,MP-06-5056,Four wheeler,Celerio,Black,2022-08-24
V2332,MP-10-5179,Four wheeler,Skoda,Red,2026-04-29
V2333,MP-04-9177,Four wheeler,Bolero,Black,2026-04-21
V2334,MP-01-7479,Auto,Auto,Yellow,2024-11-21
V2335,MP-01-9951,Auto,Auto,Yellow,2022-09-21
V2336,MP-01-3415,Bike,Apache,Red,2025-11-29
V2337,MP-06-9736,Four wheeler,Skoda,Black,2023-08-01
V2338,MP-06-5933,Auto,Auto,Yellow,2024-01-10
V2339,MP-04-6492,Four wheeler,Suzuki,Red,2023-07-17
V2340,MP-06-0153,Four wheeler,Celerio,Black,2022-10-24
V2341,MP-09-1172,Auto,Auto,Yellow,2024-11-28
V2342,MP-05-1729,Four wheeler,Bolero,Yellow,2024-05-23
V2343,MP-01-4938,Auto,Auto,Yellow,2026-12-05
V2344,MP-02-3650,Auto,Auto,Yellow,2026-02-08
V2345,MP-07-0697,Four wheeler,Brezza,Black,2023-02-08
V2346,MP-07-5361,Four wheeler,Bolero,Yellow,2028-06-05
V2347,MP-04-8916,Bike,Ninja,Red,2023-10-09
V2348,MP-04-8714,Auto,Auto,Yellow,2022-12-24
V2349,MP-09-8431,Auto,Auto,Yellow,2026-05-31
V2350,MP-04-4365,Bike,Fury,White,2028-03-07
V2351,MP-09-4114,Bike,Viper,Yellow,2028-01-15
V2352,MP-06-5530,Bike,Apache,White,2027-03-14
V2353,MP-09-1965,Auto,Auto,Yellow,2027-10-27
V2354,MP-01-4034,Auto,Auto,Yellow,2026-12-29
V2355,MP-01-2889,Auto,Auto,Yellow,2028-01-31
V2356,MP-10-9105,Four wheeler,Brezza,Red,2024-10-09
V2357,MP-04-7392,Bike,Firestorm,Red,2026-03-27
V2358,MP-08-5432,Bike,Raptor,Red,2022-10-25
V2359,MP-05-4256,Auto,Auto,Yellow,2024-10-17
V2360,MP-06-6988,Four wheeler,Bolero,Black,2023-10-22
V2361,MP-09-5089,Four wheeler,Brezza,Red,2022-12-14
V2362,MP-03-8283,Bike,Raptor,Red,2026-11-14
V2363,MP-05-4353,Four wheeler,Bolero,Red,2025-11-18
V2364,MP-01-5815,Four wheeler,Skoda,Yellow,2026-09-04
V2365,MP-05-2420,Bike,Ninja,Red,2026-10-09
V2366,MP-09-9857,Auto,Auto,Yellow,2023-12-02
V2367,MP-09-5572,Bike,Raptor,Red,2026-02-12
V2368,MP-09-6986,Auto,Auto,Yellow,2025-01-19
V2369,MP-04-4204,Four wheeler,Skoda,Black,2023-12-06
V2370,MP-07-7500,Auto,Auto,Yellow,2023-07-29
V2371,MP-08-6668,Auto,Auto,Yellow,2025-10-22
V2372,MP-04-4128,Auto,Auto,Yellow,2025-03-07
V2373,MP-06-0547,Four wheeler,Skoda,Red,2022-10-27
V2374,MP-07-7072,Auto,Auto,Yellow,2023-09-24
V2375,MP-06-2915,Auto,Auto,Yellow,2023-04-29
V2376,MP-08-1797,Bike,Raptor,Red,2022-09-02
V2377,MP-06-6193,Four wheeler,Suzuki,Red,2024-11-04
V2378,MP-01-4754,Auto,Auto,Yellow,2025-06-20
V2379,MP-03-8450,Auto,Auto,Yellow,2026-03-05
V2380,MP-06-6116,Four wheeler,Skoda,Red,2026-08-30
V2381,MP-07-3871,Four wheeler,Ertiga,White,2026-04-04
V2382,MP-09-1853,Auto,Auto,Yellow,2027-07-03
V2383,MP-08-8034,Four wheeler,Brezza,White,2022-09-24
V2384,MP-10-8827,Bike,Bullet,White,2023-12-09
V2385,MP-09-6434,Bike,Thunderbird,Red,2022-06-22
V2386,MP-05-3100,Four wheeler,Suzuki,White,2023-02-20
V2387,MP-08-8055,Bike,Apache,Yellow,2025-11-16
V2388,MP-10-6756,Four wheeler,Brezza,Yellow,2023-10-30
V2389,MP-06-5520,Bike,Bullet,Red,2024-05-19
V2390,MP-05-5810,Auto,Auto,Yellow,2024-04-06
V2391,MP-03-5348,Auto,Auto,Yellow,2027-10-04
V2392,MP-05-6046,Four wheeler,Ertiga,Red,2025-02-24
V2393,MP-09-7413,Bike,Dominator,Black,2023-03-26
V2394,MP-08-6371,Auto,Auto,Yellow,2027-12-29
V2395,MP-10-5286,Auto,Auto,Yellow,2024-05-04
V2396,MP-05-7698,Four wheeler,Celerio,Yellow,2023-02-19
V2397,MP-06-2141,Four wheeler,Ertiga,White,2027-02-25
V2398,MP-01-8457,Bike,Thunderbird,White,2026-05-27
V2399,MP-07-2572,Bike,Raptor,Black,2025-02-14
V2400,MP-03-8380,Four wheeler,Skoda,Red,2024-02-12
V2401,MP-06-4099,Bike,Bullet,Black,2024-08-06
V2402,MP-06-9884,Auto,Auto,Yellow,2025-05-11
V2403,MP-08-9884,Auto,Auto,Yellow,2024-09-06
V2404,MP-02-9885,Auto,Auto,Yellow,2027-04-07
V2405,MP-10-7111,Four wheeler,Suzuki,Red,2027-12-06
V2406,MP-10-2099,Four wheeler,Suzuki,Yellow,2026-02-18
V2407,MP-02-4113,Bike,Firestorm,White,2027-05-31
V2408,MP-10-5608,Four wheeler,Bolero,White,2026-06-18
V2409,MP-03-5032,Auto,Auto,Yellow,2024-12-07
V2410,MP-07-8555,Four wheeler,Suzuki,White,2023-04-09
V2411,MP-09-8347,Auto,Auto,Yellow,2026-08-11
V2412,MP-05-4401,Bike,Raptor,Yellow,2028-01-14
V2413,MP-10-4522,Four wheeler,Skoda,Red,2025-08-25
V2414,MP-02-1507,Bike,Dominator,White,2026-12-10
V2415,MP-04-0866,Four wheeler,Suzuki,Black,2025-08-20
V2416,MP-01-6679,Bike,Apache,Black,2025-01-20
V2417,MP-03-2025,Auto,Auto,Yellow,2025-08-15
V2418,MP-03-3086,Auto,Auto,Yellow,2025-05-19
V2419,MP-06-1828,Four wheeler,Brezza,White,2025-09-26
V2420,MP-08-9084,Four wheeler,Brezza,Black,2023-05-06
V2421,MP-09-3172,Auto,Auto,Yellow,2025-06-05
V2422,MP-01-4538,Bike,Ninja,Black,2028-02-22
V2423,MP-05-4312,Auto,Auto,Yellow,2022-08-10
V2424,MP-01-3419,Bike,Bullet,Black,2026-09-19
V2425,MP-09-4095,Four wheeler,Brezza,White,2026-07-17
V2426,MP-04-5775,Four wheeler,Bolero,Red,2024-12-09
V2427,MP-03-1402,Auto,Auto,Yellow,2025-03-01
V2428,MP-08-5858,Four wheeler,Brezza,White,2023-06-05
V2429,MP-05-0662,Auto,Auto,Yellow,2025-10-05
V2430,MP-08-2676,Four wheeler,Celerio,Red,2023-02-16
V2431,MP-03-9469,Auto,Auto,Yellow,2022-09-19
V2432,MP-01-3988,Bike,Viper,Yellow,2023-07-02
V2433,MP-02-9883,Auto,Auto,Yellow,2023-12-07
V2434,MP-05-7177,Bike,Firestorm,White,2027-12-18
V2435,MP-01-4067,Bike,Bullet,White,2023-08-27
V2436,MP-02-6478,Four wheeler,Skoda,Black,2022-12-03
V2437,MP-02-9067,Auto,Auto,Yellow,2022-12-21
V2438,MP-08-0023,Bike,Dominator,Yellow,2026-09-19
V2439,MP-04-9183,Bike,Cyclone,Red,2024-10-28
V2440,MP-09-8138,Bike,Fury,Yellow,2026-11-13
V2441,MP-04-1671,Four wheeler,Suzuki,Black,2026-11-25
V2442,MP-09-8294,Auto,Auto,Yellow,2026-12-02
V2443,MP-02-4812,Four wheeler,Brezza,Yellow,2027-04-26
V2444,MP-01-6793,Auto,Auto,Yellow,2026-12-28
V2445,MP-10-8781,Auto,Auto,Yellow,2028-02-19
V2446,MP-01-3353,Four wheeler,Ertiga,Black,2028-05-07
V2447,MP-04-2453,Bike,Firestorm,White,2027-07-04
V2448,MP-02-3126,Four wheeler,Suzuki,Yellow,2025-04-06
V2449,MP-08-7826,Four wheeler,Celerio,White,2028-04-07
V2450,MP-06-0068,Auto,Auto,Yellow,2025-03-27
V2451,MP-03-4554,Auto,Auto,Yellow,2026-05-06
V2452,MP-02-7909,Auto,Auto,Yellow,2024-04-03
V2453,MP-05-6545,Bike,Ninja,White,2023-06-01
V2454,MP-10-4577,Auto,Auto,Yellow,2025-01-20
V2455,MP-09-2520,Auto,Auto,Yellow,2028-04-08
V2456,MP-07-3239,Four wheeler,Celerio,Red,2024-08-30
V2457,MP-04-5275,Bike,Viper,White,2023-10-01
V2458,MP-03-3467,Bike,Ninja,Yellow,2027-09-14
V2459,MP-02-6087,Bike,Viper,White,2024-06-20
V2460,MP-04-0108,Auto,Auto,Yellow,2026-12-13
V2461,MP-05-7587,Auto,Auto,Yellow,2023-05-29
V2462,MP-09-5861,Bike,Ninja,Yellow,2028-04-11
V2463,MP-09-2682,Four wheeler,Bolero,White,2024-01-18
V2464,MP-07-3369,Auto,Auto,Yellow,2023-03-11
V2465,MP-03-3083,Auto,Auto,Yellow,2025-01-06
V2466,MP-01-8696,Four wheeler,Suzuki,White,2027-02-14
V2467,MP-01-3706,Auto,Auto,Yellow,2026-01-02
V2468,MP-04-0629,Auto,Auto,Yellow,2026-06-25
V2469,MP-01-9087,Four wheeler,Suzuki,Yellow,2024-08-07
V2470,MP-04-0126,Bike,Apache,Yellow,2025-04-02
V2471,MP-09-5993,Auto,Auto,Yellow,2023-10-24
V2472,MP-01-0383,Bike,Bullet,Black,2026-01-26
V2473,MP-09-7060,Bike,Cyclone,Black,2023-10-03
V2474,MP-04-0502,Auto,Auto,Yellow,2024-06-22
V2475,MP-07-3025,Four wheeler,Bolero,Red,2028-06-07
V2476,MP-10-3792,Bike,Viper,White,2025-01-30
V2477,MP-06-4580,Bike,Thunderbird,White,2025-06-18
V2478,MP-07-5703,Auto,Auto,Yellow,2023-03-11
V2479,MP-03-3223,Bike,Apache,Red,2025-11-22
V2480,MP-02-8964,Auto,Auto,Yellow,2026-03-18
V2481,MP-03-5829,Bike,Apache,Black,2024-05-14
V2482,MP-03-4263,Bike,Firestorm,Yellow,2027-06-10
V2483,MP-04-7726,Bike,Cyclone,Red,2025-12-20
V2484,MP-06-6252,Four wheeler,Suzuki,Black,2027-04-27
V2485,MP-07-8771,Four wheeler,Suzuki,Red,2025-08-15
V2486,MP-07-9030,Auto,Auto,Yellow,2022-08-12
V2487,MP-09-5767,Bike,Thunderbird,Black,2026-07-28
V2488,MP-08-4243,Auto,Auto,Yellow,2023-03-05
V2489,MP-02-1497,Four wheeler,Bolero,Black,2025-02-13
V2490,MP-10-7872,Four wheeler,Celerio,Black,2022-08-14
V2491,MP-09-1598,Bike,Dominator,Black,2027-08-17
V2492,MP-01-5582,Auto,Auto,Yellow,2026-01-08
V2493,MP-04-5838,Bike,Raptor,Red,2025-10-20
V2494,MP-09-0871,Bike,Raptor,White,2028-05-17
V2495,MP-08-1803,Bike,Raptor,White,2026-05-03
V2496,MP-07-5501,Four wheeler,Suzuki,Yellow,2024-05-26
V2497,MP-05-5838,Four wheeler,Suzuki,Red,2025-05-28
V2498,MP-10-4547,Bike,Apache,Black,2024-03-24
V2499,MP-03-5850,Four wheeler,Suzuki,White,2025-03-30
V2500,MP-05-9396,Four wheeler,Skoda,Yellow,2023-10-23
V2501,MP-04-7724,Bike,Raptor,Black,2024-12-24
V2502,MP-09-5751,Bike,Dominator,Yellow,2024-02-29
V2503,MP-08-3742,Auto,Auto,Yellow,2028-05-18
V2504,MP-02-5825,Auto,Auto,Yellow,2028-02-06
V2505,MP-05-8773,Bike,Fury,White,2024-11-05
V2506,MP-09-7031,Auto,Auto,Yellow,2023-11-08
V2507,MP-02-3635,Four wheeler,Suzuki,Yellow,2025-07-17
V2508,MP-04-0166,Four wheeler,Skoda,Red,2022-12-26
V2509,MP-09-7012,Bike,Cyclone,White,2025-09-27
V2510,MP-01-0611,Auto,Auto,Yellow,2023-06-14
V2511,MP-06-5487,Four wheeler,Bolero,Black,2024-01-03
V2512,MP-04-2196,Bike,Fury,Black,2023-07-23
V2513,MP-10-4058,Bike,Cyclone,Black,2022-07-23
V2514,MP-07-6505,Auto,Auto,Yellow,2023-10-11
V2515,MP-09-5586,Auto,Auto,Yellow,2025-08-13
V2516,MP-04-8094,Bike,Apache,Red,2026-11-27
V2517,MP-02-6080,Auto,Auto,Yellow,2025-08-09
V2518,MP-05-8088,Auto,Auto,Yellow,2024-09-19
V2519,MP-03-2639,Bike,Apache,Yellow,2028-06-07
V2520,MP-07-7515,Four wheeler,Suzuki,Red,2023-02-24
V2521,MP-09-0747,Four wheeler,Bolero,White,2023-08-16
V2522,MP-06-1823,Bike,Thunderbird,White,2027-08-18
V2523,MP-06-2470,Auto,Auto,Yellow,2023-12-11
V2524,MP-08-5605,Auto,Auto,Yellow,2024-03-16
V2525,MP-06-9224,Auto,Auto,Yellow,2022-06-11
V2526,MP-01-4861,Four wheeler,Celerio,Red,2023-03-25
V2527,MP-04-6522,Bike,Apache,White,2026-07-08
V2528,MP-07-1253,Bike,Ninja,Red,2023-10-29
V2529,MP-01-7247,Bike,Dominator,Yellow,2025-09-25
V2530,MP-10-7311,Four wheeler,Suzuki,White,2026-10-10
V2531,MP-02-0501,Bike,Raptor,Yellow,2025-03-01
V2532,MP-04-1801,Auto,Auto,Yellow,2028-01-21
V2533,MP-03-6623,Auto,Auto,Yellow,2027-07-30
V2534,MP-03-4259,Bike,Cyclone,Black,2023-04-18
V2535,MP-09-3962,Bike,Thunderbird,White,2025-02-10
V2536,MP-05-2461,Bike,Fury,Red,2025-04-09
V2537,MP-06-0762,Four wheeler,Suzuki,Yellow,2024-08-14
V2538,MP-09-9303,Four wheeler,Suzuki,Red,2027-07-21
V2539,MP-02-1827,Four wheeler,Ertiga,White,2022-06-18
V2540,MP-03-5287,Four wheeler,Brezza,Black,2023-10-28
V2541,MP-06-9842,Bike,Bullet,White,2024-05-21
V2542,MP-09-8965,Auto,Auto,Yellow,2027-01-01
V2543,MP-03-4843,Bike,Fury,Yellow,2026-12-15
V2544,MP-09-2355,Auto,Auto,Yellow,2028-03-11
V2545,MP-08-9573,Bike,Dominator,Black,2027-05-26
V2546,MP-07-9047,Auto,Auto,Yellow,2024-10-04
V2547,MP-02-8895,Four wheeler,Ertiga,Yellow,2025-10-01
V2548,MP-04-2642,Auto,Auto,Yellow,2025-02-05
V2549,MP-09-9334,Auto,Auto,Yellow,2025-04-21
V2550,MP-01-3527,Auto,Auto,Yellow,2028-01-05
V2551,MP-07-2628,Four wheeler,Skoda,Red,2026-08-08
V2552,MP-01-4250,Four wheeler,Celerio,Black,2025-07-27
V2553,MP-04-0809,Four wheeler,Bolero,White,2026-04-12
V2554,MP-07-9941,Auto,Auto,Yellow,2025-12-10
V2555,MP-01-0266,Four wheeler,Brezza,Black,2028-03-31
V2556,MP-10-7275,Auto,Auto,Yellow,2023-01-07
V2557,MP-09-5024,Auto,Auto,Yellow,2025-05-08
V2558,MP-04-5928,Four wheeler,Suzuki,Yellow,2027-09-30
V2559,MP-05-0880,Auto,Auto,Yellow,2028-02-06
V2560,MP-05-5803,Four wheeler,Brezza,White,2025-08-29
V2561,MP-08-2661,Bike,Firestorm,Black,2025-11-01
V2562,MP-07-5871,Four wheeler,Brezza,Red,2025-03-10
V2563,MP-10-1957,Four wheeler,Bolero,Red,2027-02-03
V2564,MP-09-6501,Bike,Firestorm,Red,2024-09-21
V2565,MP-03-4960,Auto,Auto,Yellow,2025-08-24
V2566,MP-08-7497,Auto,Auto,Yellow,2023-01-08
V2567,MP-08-7785,Four wheeler,Ertiga,Yellow,2022-12-30
V2568,MP-03-4460,Bike,Bullet,White,2023-10-30
V2569,MP-07-6819,Auto,Auto,Yellow,2024-11-16
V2570,MP-10-7724,Bike,Bullet,Red,2025-03-06
V2571,MP-09-5708,Bike,Dominator,Red,2023-09-02
V2572,MP-02-9946,Auto,Auto,Yellow,2026-08-20
V2573,MP-07-0469,Auto,Auto,Yellow,2024-06-07
V2574,MP-08-0596,Four wheeler,Celerio,White,2025-04-27
V2575,MP-03-4518,Four wheeler,Suzuki,Black,2022-07-09
V2576,MP-04-5409,Auto,Auto,Yellow,2023-07-25
V2577,MP-02-7707,Four wheeler,Bolero,Red,2028-04-22
V2578,MP-07-0048,Bike,Firestorm,Yellow,2028-06-08
V2579,MP-08-1403,Bike,Ninja,Yellow,2027-10-18
V2580,MP-06-8935,Four wheeler,Celerio,Black,2027-10-05
V2581,MP-09-5123,Auto,Auto,Yellow,2028-02-25
V2582,MP-05-7379,Auto,Auto,Yellow,2026-10-21
V2583,MP-09-7298,Four wheeler,Skoda,Yellow,2024-02-18
V2584,MP-09-1662,Four wheeler,Bolero,Yellow,2023-12-05
V2585,MP-03-0554,Bike,Viper,Black,2023-04-29
V2586,MP-08-9837,Auto,Auto,Yellow,2025-09-08
V2587,MP-08-1261,Four wheeler,Suzuki,Red,2028-03-17
V2588,MP-02-2989,Four wheeler,Skoda,Black,2027-10-14
V2589,MP-01-5842,Auto,Auto,Yellow,2027-08-22
V2590,MP-02-2218,Auto,Auto,Yellow,2028-01-21
V2591,MP-06-4283,Bike,Viper,Yellow,2022-12-31
V2592,MP-01-6980,Four wheeler,Bolero,Yellow,2022-07-10
V2593,MP-08-0942,Four wheeler,Celerio,Black,2023-03-20
V2594,MP-09-8067,Four wheeler,Skoda,White,2024-01-16
V2595,MP-03-1663,Bike,Raptor,Yellow,2025-05-07
V2596,MP-08-6382,Auto,Auto,Yellow,2023-11-09
V2597,MP-06-9858,Auto,Auto,Yellow,2022-09-30
V2598,MP-01-4479,Auto,Auto,Yellow,2025-07-03
V2599,MP-08-1748,Four wheeler,Brezza,Yellow,2028-06-04
V2600,MP-04-8073,Four wheeler,Suzuki,Black,2025-07-30
V2601,MP-08-6420,Bike,Viper,White,2022-09-03
V2602,MP-10-3557,Four wheeler,Celerio,Red,2023-09-10
V2603,MP-08-1087,Auto,Auto,Yellow,2027-02-24
V2604,MP-05-8879,Auto,Auto,Yellow,2025-12-18
V2605,MP-08-0882,Four wheeler,Ertiga,Black,2022-12-08
V2606,MP-07-1077,Auto,Auto,Yellow,2026-04-12
V2607,MP-10-4263,Four wheeler,Suzuki,Yellow,2023-05-25
V2608,MP-08-2262,Four wheeler,Skoda,Black,2024-12-31
V2609,MP-01-5740,Bike,Viper,Black,2024-05-20
V2610,MP-06-3857,Four wheeler,Brezza,Black,2023-01-03
V2611,MP-05-9998,Four wheeler,Brezza,Black,2022-10-02
V2612,MP-03-4550,Auto,Auto,Yellow,2024-01-08
V2613,MP-02-9466,Auto,Auto,Yellow,2023-08-08
V2614,MP-04-6073,Auto,Auto,Yellow,2023-08-07
V2615,MP-01-7944,Auto,Auto,Yellow,2025-10-01
V2616,MP-07-1602,Auto,Auto,Yellow,2027-03-10
V2617,MP-07-4954,Bike,Ninja,Red,2027-04-15
V2618,MP-09-2597,Four wheeler,Ertiga,White,2022-08-06
V2619,MP-03-4935,Four wheeler,Bolero,Yellow,2024-11-01
V2620,MP-02-7432,Four wheeler,Bolero,White,2026-03-17
V2621,MP-06-0965,Four wheeler,Ertiga,Black,2028-04-16
V2622,MP-03-1430,Four wheeler,Suzuki,Red,2025-09-04
V2623,MP-08-8142,Bike,Bullet,Red,2025-05-06
V2624,MP-09-5741,Bike,Cyclone,White,2026-04-13
V2625,MP-07-6453,Auto,Auto,Yellow,2023-01-05
V2626,MP-03-8637,Auto,Auto,Yellow,2022-09-16
V2627,MP-08-7180,Four wheeler,Suzuki,White,2026-02-27
V2628,MP-09-6671,Auto,Auto,Yellow,2024-10-03
V2629,MP-02-0914,Bike,Fury,Black,2025-03-16
V2630,MP-07-7874,Auto,Auto,Yellow,2022-07-16
V2631,MP-10-3931,Auto,Auto,Yellow,2026-07-29
V2632,MP-02-2886,Four wheeler,Brezza,Yellow,2028-06-07
V2633,MP-09-3918,Four wheeler,Skoda,White,2022-07-25
V2634,MP-07-2853,Four wheeler,Skoda,Yellow,2024-03-07
V2635,MP-01-9822,Bike,Viper,White,2028-05-02
V2636,MP-05-3360,Auto,Auto,Yellow,2024-03-12
V2637,MP-07-0086,Four wheeler,Ertiga,Red,2028-01-06
V2638,MP-06-6725,Four wheeler,Celerio,White,2026-11-08
V2639,MP-09-8195,Auto,Auto,Yellow,2022-12-25
V2640,MP-03-1179,Bike,Raptor,Black,2022-07-15
V2641,MP-01-4682,Bike,Raptor,Yellow,2026-02-23
V2642,MP-08-0899,Auto,Auto,Yellow,2027-09-07
V2643,MP-04-4944,Bike,Raptor,White,2025-12-10
V2644,MP-08-1136,Auto,Auto,Yellow,2022-09-08
V2645,MP-03-8940,Four wheeler,Ertiga,Yellow,2023-01-22
V2646,MP-04-7611,Four wheeler,Skoda,Yellow,2023-07-16
V2647,MP-05-8833,Auto,Auto,Yellow,2027-04-04
V2648,MP-07-7848,Four wheeler,Suzuki,White,2025-02-24
V2649,MP-02-6833,Bike,Dominator,Yellow,2025-03-30
V2650,MP-02-9678,Four wheeler,Ertiga,Black,2023-02-10
V2651,MP-01-1605,Four wheeler,Ertiga,Black,2027-05-22
V2652,MP-07-7273,Four wheeler,Bolero,White,2025-11-28
V2653,MP-01-8517,Auto,Auto,Yellow,2027-07-15
V2654,MP-05-2148,Four wheeler,Bolero,Yellow,2025-12-02
V2655,MP-05-0217,Four wheeler,Suzuki,White,2024-02-13
V2656,MP-09-4698,Auto,Auto,Yellow,2025-09-02
V2657,MP-07-5188,Bike,Raptor,Black,2025-04-04
V2658,MP-02-1865,Four wheeler,Skoda,Red,2023-01-13
V2659,MP-10-6815,Auto,Auto,Yellow,2027-01-08
V2660,MP-08-6877,Four wheeler,Ertiga,Yellow,2028-03-05
V2661,MP-03-7138,Auto,Auto,Yellow,2023-03-07
V2662,MP-01-6205,Bike,Fury,Red,2023-08-02
V2663,MP-07-6315,Auto,Auto,Yellow,2023-02-12
V2664,MP-01-2589,Auto,Auto,Yellow,2028-05-08
V2665,MP-07-9259,Bike,Raptor,White,2027-01-25
V2666,MP-06-6213,Auto,Auto,Yellow,2024-05-23
V2667,MP-04-4047,Auto,Auto,Yellow,2023-12-23
V2668,MP-07-0142,Four wheeler,Brezza,Black,2027-08-17
V2669,MP-09-1111,Four wheeler,Skoda,Red,2025-12-27
V2670,MP-05-3532,Auto,Auto,Yellow,2022-10-01
V2671,MP-01-9040,Four wheeler,Bolero,Yellow,2027-02-17
V2672,MP-01-1511,Bike,Raptor,Yellow,2028-01-15
V2673,MP-01-3947,Bike,Bullet,Red,2026-01-22
V2674,MP-02-1760,Four wheeler,Celerio,Yellow,2026-08-03
V2675,MP-01-9973,Bike,Dominator,Red,2023-05-25
V2676,MP-06-8785,Four wheeler,Skoda,Black,2027-06-23
V2677,MP-10-6033,Auto,Auto,Yellow,2026-12-28
V2678,MP-01-0912,Auto,Auto,Yellow,2026-05-11
V2679,MP-09-6387,Auto,Auto,Yellow,2027-12-12
V2680,MP-08-5373,Bike,Bullet,Yellow,2025-05-23
V2681,MP-08-1677,Bike,Fury,White,2022-07-04
V2682,MP-03-1375,Bike,Thunderbird,Black,2028-02-04
V2683,MP-07-9378,Auto,Auto,Yellow,2027-06-15
V2684,MP-10-3156,Auto,Auto,Yellow,2026-05-28
V2685,MP-08-0574,Bike,Apache,Yellow,2023-10-22
V2686,MP-04-6357,Bike,Firestorm,White,2026-07-27
V2687,MP-05-5548,Four wheeler,Ertiga,White,2023-04-19
V2688,MP-04-2978,Bike,Cyclone,White,2025-07-14
V2689,MP-02-7480,Four wheeler,Suzuki,Black,2025-04-19
V2690,MP-05-4382,Auto,Auto,Yellow,2024-09-22
V2691,MP-10-3714,Auto,Auto,Yellow,2023-10-26
V2692,MP-02-3531,Bike,Bullet,Yellow,2024-09-23
V2693,MP-02-1213,Auto,Auto,Yellow,2023-02-12
V2694,MP-08-2247,Four wheeler,Suzuki,Black,2024-03-17
V2695,MP-09-1900,Auto,Auto,Yellow,2023-02-10
V2696,MP-08-1331,Auto,Auto,Yellow,2027-11-05
V2697,MP-05-8868,Four wheeler,Brezza,Red,2022-07-11
V2698,MP-08-9834,Four wheeler,Brezza,Yellow,2024-09-02
V2699,MP-03-8492,Four wheeler,Ertiga,Yellow,2023-07-02
V2700,MP-05-4259,Four wheeler,Suzuki,Black,2023-06-24
V2701,MP-04-8690,Bike,Fury,Yellow,2023-02-20
V2702,MP-03-1132,Auto,Auto,Yellow,2027-01-05
V2703,MP-04-5587,Auto,Auto,Yellow,2024-01-18
V2704,MP-05-0376,Auto,Auto,Yellow,2023-04-12
V2705,MP-02-7984,Bike,Raptor,Yellow,2024-10-30
V2706,MP-10-6860,Auto,Auto,Yellow,2026-09-03
V2707,MP-05-9640,Four wheeler,Bolero,Red,2028-04-21
V2708,MP-03-7769,Auto,Auto,Yellow,2023-07-04
V2709,MP-03-2916,Bike,Thunderbird,Yellow,2024-04-16
V2710,MP-04-9759,Four wheeler,Suzuki,White,2028-02-29
V2711,MP-01-3479,Bike,Thunderbird,Red,2023-07-07
V2712,MP-08-1039,Auto,Auto,Yellow,2024-03-08
V2713,MP-04-1063,Auto,Auto,Yellow,2026-12-19
V2714,MP-05-4673,Auto,Auto,Yellow,2027-02-18
V2715,MP-08-7106,Auto,Auto,Yellow,2025-08-21
V2716,MP-04-3593,Auto,Auto,Yellow,2026-11-17
V2717,MP-06-0943,Four wheeler,Celerio,White,2025-03-25
V2718,MP-10-4965,Bike,Bullet,Red,2022-09-12
V2719,MP-10-7494,Bike,Viper,Yellow,2024-03-11
V2720,MP-02-6963,Four wheeler,Brezza,White,2026-10-09
V2721,MP-09-7271,Auto,Auto,Yellow,2027-04-11
V2722,MP-06-5698,Four wheeler,Ertiga,Black,2025-05-18
V2723,MP-10-0641,Auto,Auto,Yellow,2024-01-06
V2724,MP-03-2802,Auto,Auto,Yellow,2027-05-02
V2725,MP-07-0086,Bike,Apache,Yellow,2024-03-30
V2726,MP-04-0300,Auto,Auto,Yellow,2023-03-27
V2727,MP-09-3890,Bike,Raptor,Black,2028-05-29
V2728,MP-06-5531,Auto,Auto,Yellow,2023-02-24
V2729,MP-07-3199,Bike,Apache,White,2022-09-21
V2730,MP-04-3456,Four wheeler,Bolero,White,2025-02-24
V2731,MP-08-3930,Bike,Bullet,White,2022-09-15
V2732,MP-01-7584,Auto,Auto,Yellow,2025-06-07
V2733,MP-05-2935,Bike,Fury,Black,2023-01-01
V2734,MP-02-9737,Auto,Auto,Yellow,2026-05-17
V2735,MP-10-2538,Four wheeler,Brezza,Black,2027-11-10
V2736,MP-03-3710,Four wheeler,Celerio,Black,2023-08-23
V2737,MP-05-0963,Auto,Auto,Yellow,2024-01-02
V2738,MP-03-3201,Bike,Viper,Black,2024-11-04
V2739,MP-02-4736,Auto,Auto,Yellow,2027-07-01
V2740,MP-02-0557,Auto,Auto,Yellow,2025-09-27
V2741,MP-04-5194,Auto,Auto,Yellow,2024-11-30
V2742,MP-03-2156,Auto,Auto,Yellow,2026-08-23
V2743,MP-02-3706,Auto,Auto,Yellow,2024-07-25
V2744,MP-02-4697,Four wheeler,Celerio,Black,2026-06-22
V2745,MP-03-4470,Auto,Auto,Yellow,2023-04-10
V2746,MP-06-8644,Bike,Firestorm,Yellow,2027-11-15
V2747,MP-05-3106,Bike,Raptor,Red,2023-06-27
V2748,MP-05-6232,Four wheeler,Celerio,Red,2026-03-12
V2749,MP-04-2907,Bike,Cyclone,White,2027-12-10
V2750,MP-10-7371,Bike,Viper,Black,2027-11-15
